[{"pos_x": 127.254, "pos_y": -103.632, "rotation": -90.0, "side": "top", "designator": "C2", "mpn": null, "pack": "C_0603_1608Metric", "value": "22p", "mount_type": "smt", "place": true}, {"pos_x": 122.174, "pos_y": -81.534, "rotation": 90.0, "side": "top", "designator": "C12", "mpn": null, "pack": "C_0603_1608Metric", "value": "0.1uF", "mount_type": "smt", "place": true}, {"pos_x": 124.587, "pos_y": -103.759, "rotation": 90.0, "side": "top", "designator": "Y1", "mpn": null, "pack": "Crystal_SMD_Abracon_ABM8G-4Pin_3.2x2.5mm", "value": "16MHz", "mount_type": "smt", "place": true}, {"pos_x": 113.142, "pos_y": -99.842, "rotation": -90.0, "side": "top", "designator": "J1", "mpn": null, "pack": "PinSocket_2x03_P2.54mm_Vertical", "value": "AVR-ISP-6", "mount_type": "tht", "place": true}, {"pos_x": 116.319, "pos_y": -90.932, "rotation": 180.0, "side": "top", "designator": "C10", "mpn": null, "pack": "C_0603_1608Metric", "value": "0.1uF", "mount_type": "smt", "place": true}, {"pos_x": 102.108, "pos_y": -72.644, "rotation": 90.0, "side": "top", "designator": "R8", "mpn": null, "pack": "R_0805_2012Metric", "value": "100", "mount_type": "smt", "place": true}, {"pos_x": 83.947, "pos_y": -104.267, "rotation": -90.0, "side": "top", "designator": "R17", "mpn": null, "pack": "R_0603_1608Metric", "value": "10k", "mount_type": "smt", "place": true}, {"pos_x": 113.84, "pos_y": -107.116, "rotation": 180.0, "side": "top", "designator": "S3", "mpn": null, "pack": "PTS526_SMD_Button", "value": "PTS526_SM08_SMTR2_LFS", "mount_type": "smt", "place": true}, {"pos_x": 116.332, "pos_y": -86.614, "rotation": 180.0, "side": "top", "designator": "C6", "mpn": null, "pack": "C_0603_1608Metric", "value": "0.1uF", "mount_type": "smt", "place": true}, {"pos_x": 86.162, "pos_y": -90.8, "rotation": -90.0, "side": "top", "designator": "J2", "mpn": null, "pack": "USB_Mini-B_Lumberg_2486_01_Horizontal", "value": "USB_B_Mini", "mount_type": "smt", "place": true}, {"pos_x": 122.428, "pos_y": -98.298, "rotation": -90.0, "side": "top", "designator": "C7", "mpn": null, "pack": "C_0603_1608Metric", "value": "0.1uF", "mount_type": "smt", "place": true}, {"pos_x": 101.346, "pos_y": -66.294, "rotation": 90.0, "side": "top", "designator": "U1", "mpn": null, "pack": "CA56-12EWA", "value": "CA56-12EWA", "mount_type": "tht", "place": true}, {"pos_x": 117.602, "pos_y": -103.505, "rotation": 180.0, "side": "top", "designator": "R13", "mpn": null, "pack": "R_0603_1608Metric", "value": "10k", "mount_type": "smt", "place": true}, {"pos_x": 97.165615, "pos_y": -90.371688, "rotation": 0.0, "side": "top", "designator": "U4", "mpn": null, "pack": "SOT-23-6", "value": "USBLC6-2SC6", "mount_type": "smt", "place": true}, {"pos_x": 96.52, "pos_y": -97.777, "rotation": 90.0, "side": "top", "designator": "C15", "mpn": null, "pack": "C_0603_1608Metric", "value": "10nF", "mount_type": "smt", "place": true}, {"pos_x": 106.934, "pos_y": -72.644, "rotation": 90.0, "side": "top", "designator": "R7", "mpn": null, "pack": "R_0805_2012Metric", "value": "100", "mount_type": "smt", "place": true}, {"pos_x": 148.6, "pos_y": -72.771, "rotation": 0.0, "side": "top", "designator": "LS1", "mpn": null, "pack": "Buzzer_12x9.5RM7.6", "value": "Speaker", "mount_type": "tht", "place": true}, {"pos_x": 111.76, "pos_y": -76.962, "rotation": 0.0, "side": "top", "designator": "C1", "mpn": null, "pack": "C_0603_1608Metric", "value": "0.1u", "mount_type": "smt", "place": true}, {"pos_x": 104.521, "pos_y": -72.644, "rotation": 90.0, "side": "top", "designator": "R6", "mpn": null, "pack": "R_0805_2012Metric", "value": "100", "mount_type": "smt", "place": true}, {"pos_x": 99.568, "pos_y": -72.644, "rotation": 90.0, "side": "top", "designator": "R9", "mpn": null, "pack": "R_0805_2012Metric", "value": "100", "mount_type": "smt", "place": true}, {"pos_x": 133.9615, "pos_y": -74.93, "rotation": 0.0, "side": "top", "designator": "D1", "mpn": null, "pack": "LED_0805_2012Metric", "value": "LED", "mount_type": "smt", "place": true}, {"pos_x": 96.52, "pos_y": -79.502, "rotation": 180.0, "side": "top", "designator": "D3", "mpn": null, "pack": "LED_0805_2012Metric", "value": "LED", "mount_type": "smt", "place": true}, {"pos_x": 124.714, "pos_y": -89.916, "rotation": 0.0, "side": "top", "designator": "U3", "mpn": null, "pack": "TQFP-44_10x10mm_P0.8mm", "value": "ATmega32U4-A", "mount_type": "smt", "place": true}, {"pos_x": 119.634, "pos_y": -82.296, "rotation": 180.0, "side": "top", "designator": "C11", "mpn": null, "pack": "C_0603_1608Metric", "value": "0.1uF", "mount_type": "smt", "place": true}, {"pos_x": 92.456911, "pos_y": -89.635905, "rotation": 0.0, "side": "top", "designator": "R15", "mpn": null, "pack": "R_0603_1608Metric", "value": "22", "mount_type": "smt", "place": true}, {"pos_x": 99.314, "pos_y": -97.282, "rotation": -90.0, "side": "top", "designator": "U5", "mpn": null, "pack": "SOT-23-5", "value": "LP2985-3.3", "mount_type": "smt", "place": true}, {"pos_x": 92.456, "pos_y": -91.186, "rotation": 0.0, "side": "top", "designator": "R14", "mpn": null, "pack": "R_0603_1608Metric", "value": "22", "mount_type": "smt", "place": true}, {"pos_x": 132.321, "pos_y": -93.993, "rotation": -90.0, "side": "top", "designator": "C5", "mpn": null, "pack": "C_0603_1608Metric", "value": "0.1uF", "mount_type": "smt", "place": true}, {"pos_x": 121.92, "pos_y": -103.759, "rotation": -90.0, "side": "top", "designator": "C3", "mpn": null, "pack": "C_0603_1608Metric", "value": "22p", "mount_type": "smt", "place": true}, {"pos_x": 102.108, "pos_y": -99.174, "rotation": -90.0, "side": "top", "designator": "C14", "mpn": null, "pack": "C_0603_1608Metric", "value": "2.2uF", "mount_type": "smt", "place": true}, {"pos_x": 114.808, "pos_y": -72.644, "rotation": 90.0, "side": "top", "designator": "R5", "mpn": null, "pack": "R_0805_2012Metric", "value": "100", "mount_type": "smt", "place": true}, {"pos_x": 96.52, "pos_y": -81.788, "rotation": 180.0, "side": "top", "designator": "R16", "mpn": null, "pack": "R_0603_1608Metric", "value": "1k", "mount_type": "smt", "place": true}, {"pos_x": 106.172, "pos_y": -79.502, "rotation": 0.0, "side": "top", "designator": "U2", "mpn": null, "pack": "TSSOP-16_4.4x5mm_P0.65mm", "value": "74HC595", "mount_type": "smt", "place": true}, {"pos_x": 152.019, "pos_y": -87.249, "rotation": 180.0, "side": "top", "designator": "S1", "mpn": null, "pack": "PTS125_SMD_Button", "value": "PTS125SM43SMTR21M_LFS", "mount_type": "smt", "place": true}, {"pos_x": 141.351, "pos_y": -85.725, "rotation": -90.0, "side": "top", "designator": "R1", "mpn": null, "pack": "R_0805_2012Metric", "value": "10k", "mount_type": "smt", "place": true}, {"pos_x": 102.108, "pos_y": -95.263, "rotation": 90.0, "side": "top", "designator": "C13", "mpn": null, "pack": "C_0603_1608Metric", "value": "1uF", "mount_type": "smt", "place": true}, {"pos_x": 112.141, "pos_y": -72.644, "rotation": 90.0, "side": "top", "designator": "R12", "mpn": null, "pack": "R_0805_2012Metric", "value": "100", "mount_type": "smt", "place": true}, {"pos_x": 94.996, "pos_y": -84.836, "rotation": 0.0, "side": "top", "designator": "F1", "mpn": null, "pack": "Fuse_1812_4532Metric", "value": "PTCSMD", "mount_type": "smt", "place": true}, {"pos_x": 129.553, "pos_y": -82.296, "rotation": 0.0, "side": "top", "designator": "C4", "mpn": null, "pack": "C_0603_1608Metric", "value": "0.1uF", "mount_type": "smt", "place": true}, {"pos_x": 133.9615, "pos_y": -77.089, "rotation": 0.0, "side": "top", "designator": "R3", "mpn": null, "pack": "R_0805_2012Metric", "value": "330", "mount_type": "smt", "place": true}, {"pos_x": 116.319, "pos_y": -89.408, "rotation": 180.0, "side": "top", "designator": "C9", "mpn": null, "pack": "C_0603_1608Metric", "value": "1uF", "mount_type": "smt", "place": true}, {"pos_x": 94.351, "pos_y": -105.811, "rotation": -90.0, "side": "top", "designator": "J3", "mpn": null, "pack": "PinSocket_2x04_P2.54mm_Vertical", "value": "ESP_Conn", "mount_type": "tht", "place": true}, {"pos_x": 97.028, "pos_y": -72.644, "rotation": 90.0, "side": "top", "designator": "R10", "mpn": null, "pack": "R_0805_2012Metric", "value": "100", "mount_type": "smt", "place": true}, {"pos_x": 141.351, "pos_y": -100.457, "rotation": -90.0, "side": "top", "designator": "R2", "mpn": null, "pack": "R_0805_2012Metric", "value": "10k", "mount_type": "smt", "place": true}, {"pos_x": 116.84, "pos_y": -83.947, "rotation": 90.0, "side": "top", "designator": "C8", "mpn": null, "pack": "C_0805_2012Metric", "value": "10uF", "mount_type": "smt", "place": true}, {"pos_x": 152.019, "pos_y": -101.981, "rotation": 180.0, "side": "top", "designator": "S2", "mpn": null, "pack": "PTS125_SMD_Button", "value": "PTS125SM43SMTR21M_LFS", "mount_type": "smt", "place": true}, {"pos_x": 141.0185, "pos_y": -77.089, "rotation": 0.0, "side": "top", "designator": "R4", "mpn": null, "pack": "R_0805_2012Metric", "value": "330", "mount_type": "smt", "place": true}, {"pos_x": 109.368612, "pos_y": -72.646651, "rotation": 90.0, "side": "top", "designator": "R11", "mpn": null, "pack": "R_0805_2012Metric", "value": "100", "mount_type": "smt", "place": true}, {"pos_x": 141.0185, "pos_y": -74.803, "rotation": 0.0, "side": "top", "designator": "D2", "mpn": null, "pack": "LED_0805_2012Metric", "value": "LED", "mount_type": "smt", "place": true}]